row_id,x,y,prediction_p1_refit,prediction_p2_refit,prediction_recommended_refit,residual_recommended_refit,prediction_recommended_oof,residual_recommended_oof,diagnostic_flag,action,prediction_llm_refit
id:row-000001,0.0,1.499587351859559,1.512,1.501,1.512,-0.012412648140440963,1.5160934283898477,-0.016506076530288794,,,1.499
id:row-000002,0.1694915254237288,1.6081826155883574,1.6074123547198107,1.6001194859922288,1.6074123547198107,0.0007702608685467016,1.6069140515826836,0.0012685640056736558,,,1.5995374208036532
id:row-000003,0.3389830508474576,1.6902200244960863,1.701427536408299,1.6972996973845058,1.701427536408299,-0.011207511912212587,1.7009962264885892,-0.010776201992502954,,,1.6976607109105448
id:row-000004,0.5084745762711864,1.7859717224916416,1.7940686535624382,1.792596901629668,1.7940686535624382,-0.008096931070796565,1.7965237145844437,-0.01055199209280211,,,1.7935358510366346
id:row-000005,0.6779661016949152,1.8841767460584358,1.8853588146792029,1.886067366180552,1.8853588146792029,-0.001182068620767085,1.8851732309535056,-0.0009964848950697602,,,1.887310631427328
id:row-000006,0.847457627118644,1.9839316001378335,1.9753211282555665,1.9777673584899949,1.9753211282555665,0.008610471882267046,1.9740434630292123,0.009888137108621353,,,1.9791173262244306
id:row-000007,1.0169491525423728,2.071960654956849,2.0639787027885035,2.0677531460108334,2.0639787027885035,0.007981952168345519,2.0633837466342713,0.008576908322577736,,,2.0690748825887826
id:row-000008,1.1864406779661016,2.1509288281246897,2.151354646774987,2.156080996195904,2.151354646774987,-0.0004258186502972272,2.151292361926,-0.0003635338013103784,,,2.157290728036609
id:row-000009,1.3559322033898304,2.2512460865220865,2.237472068711991,2.2428071764980446,2.237472068711991,0.013774017810095351,2.2366165966335405,0.014629489888545733,,,2.2438622743474523
id:row-000010,1.5254237288135593,2.334560784764997,2.32235407709649,2.327987954370091,2.32235407709649,0.012206707668507288,2.321681859692241,0.012878925072756342,,,2.3288781780761147
id:row-000011,1.694915254237288,2.4224707103723717,2.4060237804254574,2.411679597264881,2.4060237804254574,0.016446929946914324,2.4047883628266256,0.017682347545745936,,,2.412419404149673
id:row-000012,1.8644067796610169,2.490120893331559,2.4885042871958674,2.4939383726352506,2.4885042871958674,0.0016166061356917005,2.4878010726510498,0.002319820680509066,,,2.494560128890872
id:row-000013,2.0338983050847457,2.5699515253133853,2.5698187059046935,2.5748205479340367,2.5698187059046935,0.00013281940869180886,2.570620607040862,-0.0006690817274763727,,,2.5753685111392044
id:row-000014,2.2033898305084745,2.652866368141065,2.6499901450489096,2.654382390614077,2.6499901450489096,0.0028762230921555165,2.6503811914434774,0.002485176697587521,,,2.654907354280261
id:row-000015,2.3728813559322033,2.7289313508628266,2.72904171312549,2.7326801681282076,2.72904171312549,-0.000110362262663255,2.729204400157757,-0.00027304929493054964,,,2.733234677473556
id:row-000016,2.542372881355932,2.7975709998468488,2.8069965186314083,2.8097701479292656,2.8069965186314083,-0.00942551878455955,2.8076482630361856,-0.010077263189336882,,,2.810404210851777
id:row-000017,2.711864406779661,2.8852488084679035,2.8838776700636384,2.885708597470088,2.8838776700636384,0.0013711384042651709,2.8835757308622743,0.0016730776056295138,,,2.8864658267052716
id:row-000018,2.8813559322033897,2.9540077678783234,2.959708275919154,2.9605517842035107,2.959708275919154,-0.005700508040830776,2.9600769425188957,-0.006069174640572328,,,2.961465916484449
id:row-000019,3.0508474576271185,3.028135295021423,3.03451144469493,3.034355975582372,3.03451144469493,-0.006376149673506859,3.033670774519303,-0.005535479497879692,,,3.03544772171625
id:row-000020,3.2203389830508473,3.113129252858711,3.1083102848879385,3.107177439059508,3.1083102848879385,0.004818967970772636,3.107468769932661,0.005660482926050037,,,3.1084516255387626
id:row-000021,3.389830508474576,3.186115447636914,3.1811279049951553,3.1790724420877554,3.1811279049951553,0.004987542641758491,3.1815249736380355,0.004590473998878242,,,3.180515410435152
id:row-000022,3.559322033898305,3.263101238634928,3.2529874135135532,3.250097252119952,3.2529874135135532,0.01011382512137482,3.252304332478004,0.010796906156923969,,,3.2516744868366843
id:row-000023,3.7288135593220337,3.319995281399291,3.323911918940106,3.320308136608933,3.323911918940106,-0.00391663754081506,3.323961011106296,-0.003965729707005039,,,3.3219620965208136
id:row-000024,3.8983050847457625,3.3992812879432033,3.3939245297717875,3.3897613630075365,3.3939245297717875,0.0053567581714157875,3.3936087208476824,0.005672567095520886,,,3.3914094941198933
id:row-000025,4.067796610169491,3.4420455496272333,3.4630483545055726,3.4585131987685993,3.4630483545055726,-0.021002804878339276,3.463637327923487,-0.021591778296253805,,,3.4600461095526445
id:row-000026,4.23728813559322,3.5291728754926606,3.531306501638434,3.526619911344958,3.531306501638434,-0.002133626145773615,3.530911004854545,-0.001738129361884333,,,3.5278996937732656
id:row-000027,4.406779661016949,3.596520766121763,3.598722079667347,3.5941377681894497,3.598722079667347,-0.0022013135455840604,3.598054573783263,-0.0015338076615003526,,,3.594996449885686
id:row-000028,4.576271186440678,3.659265777279445,3.665318197089284,3.661123036754911,3.665318197089284,-0.006052419809839282,3.6649594908503893,-0.005693713570944725,,,3.661361151379907
id:row-000029,4.745762711864407,3.732116065863353,3.731117962401219,3.7276319844941783,3.731117962401219,0.0009981034621340257,3.73145818219,0.0006578836733532878,,,3.727017249003448
id:row-000030,4.915254237288135,3.7834168566742217,3.796144484100127,3.7937208788600896,3.796144484100127,-0.012727627425905386,3.797156685931862,-0.013739829257640501,,,3.791986967575182
id:row-000031,5.084745762711864,3.870235235354352,3.8604208706829812,3.8594459873054805,3.8604208706829812,0.009814364671370868,3.8604801126009027,0.009755122753449141,,,3.8562913938747916
id:row-000032,5.254237288135593,3.925955518493591,3.9239702306467557,3.9234719127127975,3.9239702306467557,0.00198528784683516,3.9235411921374634,0.002414326356127594,,,3.9199505565931605
id:row-000033,5.423728813559322,3.980424241255412,3.9868156724884236,3.985710534728623,3.9868156724884236,-0.0063914312330117795,3.9877188332854976,-0.007294592030085534,,,3.9829834992030135
id:row-000034,5.59322033898305,4.042018885988547,4.04898030470496,4.047493724656734,4.04898030470496,-0.0069614187164130925,4.048843060343829,-0.006824174355282153,,,4.045408346501281
id:row-000035,5.762711864406779,4.109448916578295,4.110487235793338,4.108821482497131,4.110487235793338,-0.0010383192150431597,4.111581968305384,-0.002133051727088997,,,4.1072423654821995
id:row-000036,5.932203389830509,4.171473857249844,4.171359574250532,4.169693808249814,4.171359574250532,0.00011428299931193209,4.171808865259585,-0.0003350080097410668,,,4.168502021120535
id:row-000037,6.101694915254237,4.230368670271168,4.231620428573516,4.230110701914783,4.231620428573516,-0.0012517583023479162,4.231619341711427,-0.0012506714402595875,,,4.229203027575642
id:row-000038,6.271186440677965,4.291050361807546,4.291292907259262,4.290072163492038,4.291292907259262,-0.00024254545171586983,4.291010613521893,3.97482856526743e-05,,,4.289360395267559
id:row-000039,6.440677966101695,4.345582018491994,4.350400118804746,4.349578192981578,4.350400118804746,-0.004818100312752094,4.351473749486985,-0.005891730994990851,,,4.3489884742247495
id:row-000040,6.610169491525424,4.411212002381924,4.408965171706942,4.408628790383406,4.408965171706942,0.002246830674981659,4.409082905262952,0.002129097118971135,,,4.408100994058143
id:row-000041,6.779661016949152,4.458920692307097,4.467011174462822,4.467223955697519,4.467011174462822,-0.008090482155725276,4.468151240590252,-0.009230548283155837,,,4.466711100876978
id:row-000042,6.949152542372881,4.528546093012993,4.524561235569362,4.5253636889239175,4.524561235569362,0.00398485744363164,4.524750261388331,0.0037958316246631263,,,4.524831391427603
id:row-000043,7.11864406779661,4.583344338416107,4.581638463523534,4.583047990062602,4.581638463523534,0.0017058748925729006,4.581957184035369,0.0013871543807382203,,,4.5824739447064
id:row-000044,7.288135593220339,4.644562452832348,4.638265966822314,4.640276859113573,4.638265966822314,0.006296486010033853,4.638823803796884,0.005738649035464505,,,4.639650351271543
id:row-000045,7.4576271186440675,4.707031739381201,4.694466853962673,4.6970502960768306,4.694466853962673,0.012564885418528071,4.693191640027967,0.013840099353234603,,,4.696371740455086
id:row-000046,7.627118644067796,4.75423845269519,4.750264233441588,4.753368300952372,4.750264233441588,0.003974219253601419,4.749686175159486,0.004552277535704086,,,4.752648805656314
id:row-000047,7.796610169491525,4.800392403968965,4.805681213756031,4.809230873740201,4.805681213756031,-0.005288809787066029,4.806733633206209,-0.006341229237243784,,,4.808491827879182
id:row-000048,7.966101694915254,4.868090044324246,4.860740903402977,4.864638014440317,4.860740903402977,0.007349140921268926,4.8613954176808925,0.0066946266433540735,,,4.86391069766056
id:row-000049,8.135593220338983,4.921048259356872,4.915466410879398,4.9195897230527175,4.915466410879398,0.00558184847747345,4.916043180580566,0.005005078776305627,,,4.918914935521749
id:row-000050,8.305084745762711,4.970394789696244,4.969880844682271,4.974085999577404,4.969880844682271,0.0005139450139735047,4.970199213804069,0.00019557589217544802,,,4.97351371106301
id:row-000051,8.47457627118644,5.028102112231166,5.024007313308566,5.028126844014376,5.024007313308566,0.00409479892260034,5.0246013370403,0.003500775190865557,,,5.027715860809587
id:row-000052,8.64406779661017,5.07728854670339,5.07786892525526,5.081712256363636,5.07786892525526,-0.0005803785518692095,5.078400208882115,-0.001111662178724604,,,5.081529904907535
id:row-000053,8.813559322033898,5.1381267729711,5.1314887890193255,5.13484223662518,5.1314887890193255,0.0066379839517747286,5.132419866538193,0.005706906432906944,,,5.134964062758716
id:row-000054,8.983050847457626,5.190600834075097,5.1848900130977364,5.18751678479901,5.1848900130977364,0.00571082097736042,5.1857572477385645,0.004843586336531924,,,5.188026267676165
id:row-000055,9.152542372881356,5.239793937299256,5.238095705987467,5.239735900885128,5.238095705987467,0.0016982313117885894,5.2377769538268275,0.00201698347242818,,,5.240724180633862
id:row-000056,9.322033898305085,5.290032273429541,5.291128976185492,5.29149958488353,5.291128976185492,-0.0010967027559507514,5.291282558099903,-0.001250284670361257,,,5.293065203178328
id:row-000057,9.491525423728813,5.341370039785836,5.344012932188782,5.3428078367942184,5.344012932188782,-0.0026428924029460177,5.344092159033952,-0.0027221192481152734,,,5.3450564895637065
id:row-000058,9.661016949152541,5.399682520339404,5.396770682494315,5.393660656617192,5.396770682494315,0.0029118378450885274,5.397656258969208,0.002026261370196014,,,5.3967049581666275
id:row-000059,9.83050847457627,5.451604207602497,5.449425335599063,5.444058044352452,5.449425335599063,0.002178872003433696,5.4494099445415545,0.00219426306094217,,,5.44801730223243
id:row-000060,10.0,5.486028084925296,5.502000000000001,5.494,5.502000000000001,-0.015971915074704413,5.5062378992578624,-0.02020981433256619,,,5.4990000000000006
