outer_fit_id,repetition,outer_fold,status,fallback_reason,direction,family_pair,boundary,edge_hit,flat_profile,multiple_near_optima,collapsed,hard_failure
id:outer-01-fold-1,1,1,fallback,NO_BALANCED_SPLIT,,,,,,,,false
id:outer-01-fold-2,1,2,fallback,NO_BALANCED_SPLIT,,,,,,,,false
id:outer-01-fold-3,1,3,fallback,NO_BALANCED_SPLIT,,,,,,,,false
id:outer-01-fold-4,1,4,fallback,NO_BALANCED_SPLIT,,,,,,,,false
id:outer-02-fold-1,2,1,fallback,NO_BALANCED_SPLIT,,,,,,,,false
id:outer-02-fold-2,2,2,fallback,NO_BALANCED_SPLIT,,,,,,,,false
id:outer-02-fold-3,2,3,fallback,NO_BALANCED_SPLIT,,,,,,,,false
id:outer-02-fold-4,2,4,fallback,NO_BALANCED_SPLIT,,,,,,,,false
id:outer-03-fold-1,3,1,fallback,NO_BALANCED_SPLIT,,,,,,,,false
id:outer-03-fold-2,3,2,fallback,NO_BALANCED_SPLIT,,,,,,,,false
id:outer-03-fold-3,3,3,fallback,NO_BALANCED_SPLIT,,,,,,,,false
id:outer-03-fold-4,3,4,fallback,NO_BALANCED_SPLIT,,,,,,,,false
id:outer-04-fold-1,4,1,fallback,NO_BALANCED_SPLIT,,,,,,,,false
id:outer-04-fold-2,4,2,fallback,NO_BALANCED_SPLIT,,,,,,,,false
id:outer-04-fold-3,4,3,fallback,NO_BALANCED_SPLIT,,,,,,,,false
id:outer-04-fold-4,4,4,fallback,NO_BALANCED_SPLIT,,,,,,,,false
id:outer-05-fold-1,5,1,fallback,NO_BALANCED_SPLIT,,,,,,,,false
id:outer-05-fold-2,5,2,fallback,NO_BALANCED_SPLIT,,,,,,,,false
id:outer-05-fold-3,5,3,fallback,NO_BALANCED_SPLIT,,,,,,,,false
id:outer-05-fold-4,5,4,fallback,NO_BALANCED_SPLIT,,,,,,,,false
id:outer-06-fold-1,6,1,fallback,NO_BALANCED_SPLIT,,,,,,,,false
id:outer-06-fold-2,6,2,fallback,NO_BALANCED_SPLIT,,,,,,,,false
id:outer-06-fold-3,6,3,fallback,NO_BALANCED_SPLIT,,,,,,,,false
id:outer-06-fold-4,6,4,fallback,NO_BALANCED_SPLIT,,,,,,,,false
id:outer-07-fold-1,7,1,fallback,NO_BALANCED_SPLIT,,,,,,,,false
id:outer-07-fold-2,7,2,fallback,NO_BALANCED_SPLIT,,,,,,,,false
id:outer-07-fold-3,7,3,fallback,NO_BALANCED_SPLIT,,,,,,,,false
id:outer-07-fold-4,7,4,fallback,NO_BALANCED_SPLIT,,,,,,,,false
id:outer-08-fold-1,8,1,fallback,NO_BALANCED_SPLIT,,,,,,,,false
id:outer-08-fold-2,8,2,fallback,NO_BALANCED_SPLIT,,,,,,,,false
id:outer-08-fold-3,8,3,fallback,NO_BALANCED_SPLIT,,,,,,,,false
id:outer-08-fold-4,8,4,fallback,NO_BALANCED_SPLIT,,,,,,,,false
id:outer-09-fold-1,9,1,fallback,NO_BALANCED_SPLIT,,,,,,,,false
id:outer-09-fold-2,9,2,fallback,NO_BALANCED_SPLIT,,,,,,,,false
id:outer-09-fold-3,9,3,fallback,NO_BALANCED_SPLIT,,,,,,,,false
id:outer-09-fold-4,9,4,fallback,NO_BALANCED_SPLIT,,,,,,,,false
id:outer-10-fold-1,10,1,fallback,NO_BALANCED_SPLIT,,,,,,,,false
id:outer-10-fold-2,10,2,fallback,NO_BALANCED_SPLIT,,,,,,,,false
id:outer-10-fold-3,10,3,fallback,NO_BALANCED_SPLIT,,,,,,,,false
id:outer-10-fold-4,10,4,fallback,NO_BALANCED_SPLIT,,,,,,,,false
id:outer-11-fold-1,11,1,fallback,NO_BALANCED_SPLIT,,,,,,,,false
id:outer-11-fold-2,11,2,fallback,NO_BALANCED_SPLIT,,,,,,,,false
id:outer-11-fold-3,11,3,fallback,NO_BALANCED_SPLIT,,,,,,,,false
id:outer-11-fold-4,11,4,fallback,NO_BALANCED_SPLIT,,,,,,,,false
id:outer-12-fold-1,12,1,fallback,NO_BALANCED_SPLIT,,,,,,,,false
id:outer-12-fold-2,12,2,fallback,NO_BALANCED_SPLIT,,,,,,,,false
id:outer-12-fold-3,12,3,fallback,NO_BALANCED_SPLIT,,,,,,,,false
id:outer-12-fold-4,12,4,fallback,NO_BALANCED_SPLIT,,,,,,,,false
id:outer-13-fold-1,13,1,fallback,NO_BALANCED_SPLIT,,,,,,,,false
id:outer-13-fold-2,13,2,fallback,NO_BALANCED_SPLIT,,,,,,,,false
id:outer-13-fold-3,13,3,fallback,NO_BALANCED_SPLIT,,,,,,,,false
id:outer-13-fold-4,13,4,fallback,NO_BALANCED_SPLIT,,,,,,,,false
id:outer-14-fold-1,14,1,fallback,NO_BALANCED_SPLIT,,,,,,,,false
id:outer-14-fold-2,14,2,fallback,NO_BALANCED_SPLIT,,,,,,,,false
id:outer-14-fold-3,14,3,fallback,NO_BALANCED_SPLIT,,,,,,,,false
id:outer-14-fold-4,14,4,fallback,NO_BALANCED_SPLIT,,,,,,,,false
id:outer-15-fold-1,15,1,fallback,NO_BALANCED_SPLIT,,,,,,,,false
id:outer-15-fold-2,15,2,fallback,NO_BALANCED_SPLIT,,,,,,,,false
id:outer-15-fold-3,15,3,fallback,NO_BALANCED_SPLIT,,,,,,,,false
id:outer-15-fold-4,15,4,fallback,NO_BALANCED_SPLIT,,,,,,,,false
id:outer-16-fold-1,16,1,fallback,NO_BALANCED_SPLIT,,,,,,,,false
id:outer-16-fold-2,16,2,fallback,NO_BALANCED_SPLIT,,,,,,,,false
id:outer-16-fold-3,16,3,fallback,NO_BALANCED_SPLIT,,,,,,,,false
id:outer-16-fold-4,16,4,fallback,NO_BALANCED_SPLIT,,,,,,,,false
id:outer-17-fold-1,17,1,fallback,NO_BALANCED_SPLIT,,,,,,,,false
id:outer-17-fold-2,17,2,fallback,NO_BALANCED_SPLIT,,,,,,,,false
id:outer-17-fold-3,17,3,fallback,NO_BALANCED_SPLIT,,,,,,,,false
id:outer-17-fold-4,17,4,fallback,NO_BALANCED_SPLIT,,,,,,,,false
id:outer-18-fold-1,18,1,fallback,NO_BALANCED_SPLIT,,,,,,,,false
id:outer-18-fold-2,18,2,fallback,NO_BALANCED_SPLIT,,,,,,,,false
id:outer-18-fold-3,18,3,fallback,NO_BALANCED_SPLIT,,,,,,,,false
id:outer-18-fold-4,18,4,fallback,NO_BALANCED_SPLIT,,,,,,,,false
id:outer-19-fold-1,19,1,fallback,NO_BALANCED_SPLIT,,,,,,,,false
id:outer-19-fold-2,19,2,fallback,NO_BALANCED_SPLIT,,,,,,,,false
id:outer-19-fold-3,19,3,fallback,NO_BALANCED_SPLIT,,,,,,,,false
id:outer-19-fold-4,19,4,fallback,NO_BALANCED_SPLIT,,,,,,,,false
id:outer-20-fold-1,20,1,fallback,NO_BALANCED_SPLIT,,,,,,,,false
id:outer-20-fold-2,20,2,fallback,NO_BALANCED_SPLIT,,,,,,,,false
id:outer-20-fold-3,20,3,fallback,NO_BALANCED_SPLIT,,,,,,,,false
id:outer-20-fold-4,20,4,fallback,NO_BALANCED_SPLIT,,,,,,,,false
