resample_id,status,rel_mse_uplift,failure_code
id:bootstrap-001,failed,,UNCERTAINTY_UNAVAILABLE
id:bootstrap-002,failed,,UNCERTAINTY_UNAVAILABLE
id:bootstrap-003,failed,,UNCERTAINTY_UNAVAILABLE
id:bootstrap-004,failed,,UNCERTAINTY_UNAVAILABLE
id:bootstrap-005,failed,,UNCERTAINTY_UNAVAILABLE
id:bootstrap-006,failed,,UNCERTAINTY_UNAVAILABLE
id:bootstrap-007,failed,,UNCERTAINTY_UNAVAILABLE
id:bootstrap-008,failed,,UNCERTAINTY_UNAVAILABLE
id:bootstrap-009,failed,,UNCERTAINTY_UNAVAILABLE
id:bootstrap-010,failed,,UNCERTAINTY_UNAVAILABLE
id:bootstrap-011,failed,,UNCERTAINTY_UNAVAILABLE
id:bootstrap-012,failed,,UNCERTAINTY_UNAVAILABLE
id:bootstrap-013,failed,,UNCERTAINTY_UNAVAILABLE
id:bootstrap-014,failed,,UNCERTAINTY_UNAVAILABLE
id:bootstrap-015,failed,,UNCERTAINTY_UNAVAILABLE
id:bootstrap-016,failed,,UNCERTAINTY_UNAVAILABLE
id:bootstrap-017,failed,,UNCERTAINTY_UNAVAILABLE
id:bootstrap-018,failed,,UNCERTAINTY_UNAVAILABLE
id:bootstrap-019,failed,,UNCERTAINTY_UNAVAILABLE
id:bootstrap-020,failed,,UNCERTAINTY_UNAVAILABLE
id:bootstrap-021,failed,,UNCERTAINTY_UNAVAILABLE
id:bootstrap-022,failed,,UNCERTAINTY_UNAVAILABLE
id:bootstrap-023,failed,,UNCERTAINTY_UNAVAILABLE
id:bootstrap-024,failed,,UNCERTAINTY_UNAVAILABLE
id:bootstrap-025,failed,,UNCERTAINTY_UNAVAILABLE
id:bootstrap-026,failed,,UNCERTAINTY_UNAVAILABLE
id:bootstrap-027,failed,,UNCERTAINTY_UNAVAILABLE
id:bootstrap-028,failed,,UNCERTAINTY_UNAVAILABLE
id:bootstrap-029,failed,,UNCERTAINTY_UNAVAILABLE
id:bootstrap-030,failed,,UNCERTAINTY_UNAVAILABLE
id:bootstrap-031,failed,,UNCERTAINTY_UNAVAILABLE
id:bootstrap-032,failed,,UNCERTAINTY_UNAVAILABLE
id:bootstrap-033,failed,,UNCERTAINTY_UNAVAILABLE
id:bootstrap-034,failed,,UNCERTAINTY_UNAVAILABLE
id:bootstrap-035,failed,,UNCERTAINTY_UNAVAILABLE
id:bootstrap-036,failed,,UNCERTAINTY_UNAVAILABLE
id:bootstrap-037,failed,,UNCERTAINTY_UNAVAILABLE
id:bootstrap-038,failed,,UNCERTAINTY_UNAVAILABLE
id:bootstrap-039,failed,,UNCERTAINTY_UNAVAILABLE
id:bootstrap-040,failed,,UNCERTAINTY_UNAVAILABLE
id:bootstrap-041,failed,,UNCERTAINTY_UNAVAILABLE
id:bootstrap-042,failed,,UNCERTAINTY_UNAVAILABLE
id:bootstrap-043,failed,,UNCERTAINTY_UNAVAILABLE
id:bootstrap-044,failed,,UNCERTAINTY_UNAVAILABLE
id:bootstrap-045,failed,,UNCERTAINTY_UNAVAILABLE
id:bootstrap-046,failed,,UNCERTAINTY_UNAVAILABLE
id:bootstrap-047,failed,,UNCERTAINTY_UNAVAILABLE
id:bootstrap-048,failed,,UNCERTAINTY_UNAVAILABLE
id:bootstrap-049,failed,,UNCERTAINTY_UNAVAILABLE
id:bootstrap-050,failed,,UNCERTAINTY_UNAVAILABLE
id:bootstrap-051,failed,,UNCERTAINTY_UNAVAILABLE
id:bootstrap-052,failed,,UNCERTAINTY_UNAVAILABLE
id:bootstrap-053,failed,,UNCERTAINTY_UNAVAILABLE
id:bootstrap-054,failed,,UNCERTAINTY_UNAVAILABLE
id:bootstrap-055,failed,,UNCERTAINTY_UNAVAILABLE
id:bootstrap-056,failed,,UNCERTAINTY_UNAVAILABLE
id:bootstrap-057,failed,,UNCERTAINTY_UNAVAILABLE
id:bootstrap-058,failed,,UNCERTAINTY_UNAVAILABLE
id:bootstrap-059,failed,,UNCERTAINTY_UNAVAILABLE
id:bootstrap-060,failed,,UNCERTAINTY_UNAVAILABLE
id:bootstrap-061,failed,,UNCERTAINTY_UNAVAILABLE
id:bootstrap-062,failed,,UNCERTAINTY_UNAVAILABLE
id:bootstrap-063,failed,,UNCERTAINTY_UNAVAILABLE
id:bootstrap-064,failed,,UNCERTAINTY_UNAVAILABLE
id:bootstrap-065,failed,,UNCERTAINTY_UNAVAILABLE
id:bootstrap-066,failed,,UNCERTAINTY_UNAVAILABLE
id:bootstrap-067,failed,,UNCERTAINTY_UNAVAILABLE
id:bootstrap-068,failed,,UNCERTAINTY_UNAVAILABLE
id:bootstrap-069,failed,,UNCERTAINTY_UNAVAILABLE
id:bootstrap-070,failed,,UNCERTAINTY_UNAVAILABLE
id:bootstrap-071,failed,,UNCERTAINTY_UNAVAILABLE
id:bootstrap-072,failed,,UNCERTAINTY_UNAVAILABLE
id:bootstrap-073,failed,,UNCERTAINTY_UNAVAILABLE
id:bootstrap-074,failed,,UNCERTAINTY_UNAVAILABLE
id:bootstrap-075,failed,,UNCERTAINTY_UNAVAILABLE
id:bootstrap-076,failed,,UNCERTAINTY_UNAVAILABLE
id:bootstrap-077,failed,,UNCERTAINTY_UNAVAILABLE
id:bootstrap-078,failed,,UNCERTAINTY_UNAVAILABLE
id:bootstrap-079,failed,,UNCERTAINTY_UNAVAILABLE
id:bootstrap-080,failed,,UNCERTAINTY_UNAVAILABLE
id:bootstrap-081,failed,,UNCERTAINTY_UNAVAILABLE
id:bootstrap-082,failed,,UNCERTAINTY_UNAVAILABLE
id:bootstrap-083,failed,,UNCERTAINTY_UNAVAILABLE
id:bootstrap-084,failed,,UNCERTAINTY_UNAVAILABLE
id:bootstrap-085,failed,,UNCERTAINTY_UNAVAILABLE
id:bootstrap-086,failed,,UNCERTAINTY_UNAVAILABLE
id:bootstrap-087,failed,,UNCERTAINTY_UNAVAILABLE
id:bootstrap-088,failed,,UNCERTAINTY_UNAVAILABLE
id:bootstrap-089,failed,,UNCERTAINTY_UNAVAILABLE
id:bootstrap-090,failed,,UNCERTAINTY_UNAVAILABLE
id:bootstrap-091,failed,,UNCERTAINTY_UNAVAILABLE
id:bootstrap-092,failed,,UNCERTAINTY_UNAVAILABLE
id:bootstrap-093,failed,,UNCERTAINTY_UNAVAILABLE
id:bootstrap-094,failed,,UNCERTAINTY_UNAVAILABLE
id:bootstrap-095,failed,,UNCERTAINTY_UNAVAILABLE
id:bootstrap-096,failed,,UNCERTAINTY_UNAVAILABLE
id:bootstrap-097,failed,,UNCERTAINTY_UNAVAILABLE
id:bootstrap-098,failed,,UNCERTAINTY_UNAVAILABLE
id:bootstrap-099,failed,,UNCERTAINTY_UNAVAILABLE
id:bootstrap-100,failed,,UNCERTAINTY_UNAVAILABLE
id:bootstrap-101,failed,,UNCERTAINTY_UNAVAILABLE
id:bootstrap-102,failed,,UNCERTAINTY_UNAVAILABLE
id:bootstrap-103,failed,,UNCERTAINTY_UNAVAILABLE
id:bootstrap-104,failed,,UNCERTAINTY_UNAVAILABLE
id:bootstrap-105,failed,,UNCERTAINTY_UNAVAILABLE
id:bootstrap-106,failed,,UNCERTAINTY_UNAVAILABLE
id:bootstrap-107,failed,,UNCERTAINTY_UNAVAILABLE
id:bootstrap-108,failed,,UNCERTAINTY_UNAVAILABLE
id:bootstrap-109,failed,,UNCERTAINTY_UNAVAILABLE
id:bootstrap-110,failed,,UNCERTAINTY_UNAVAILABLE
id:bootstrap-111,failed,,UNCERTAINTY_UNAVAILABLE
id:bootstrap-112,failed,,UNCERTAINTY_UNAVAILABLE
id:bootstrap-113,failed,,UNCERTAINTY_UNAVAILABLE
id:bootstrap-114,failed,,UNCERTAINTY_UNAVAILABLE
id:bootstrap-115,failed,,UNCERTAINTY_UNAVAILABLE
id:bootstrap-116,failed,,UNCERTAINTY_UNAVAILABLE
id:bootstrap-117,failed,,UNCERTAINTY_UNAVAILABLE
id:bootstrap-118,failed,,UNCERTAINTY_UNAVAILABLE
id:bootstrap-119,failed,,UNCERTAINTY_UNAVAILABLE
id:bootstrap-120,failed,,UNCERTAINTY_UNAVAILABLE
id:bootstrap-121,failed,,UNCERTAINTY_UNAVAILABLE
id:bootstrap-122,failed,,UNCERTAINTY_UNAVAILABLE
id:bootstrap-123,failed,,UNCERTAINTY_UNAVAILABLE
id:bootstrap-124,failed,,UNCERTAINTY_UNAVAILABLE
id:bootstrap-125,failed,,UNCERTAINTY_UNAVAILABLE
id:bootstrap-126,failed,,UNCERTAINTY_UNAVAILABLE
id:bootstrap-127,failed,,UNCERTAINTY_UNAVAILABLE
id:bootstrap-128,failed,,UNCERTAINTY_UNAVAILABLE
id:bootstrap-129,failed,,UNCERTAINTY_UNAVAILABLE
id:bootstrap-130,failed,,UNCERTAINTY_UNAVAILABLE
id:bootstrap-131,failed,,UNCERTAINTY_UNAVAILABLE
id:bootstrap-132,failed,,UNCERTAINTY_UNAVAILABLE
id:bootstrap-133,failed,,UNCERTAINTY_UNAVAILABLE
id:bootstrap-134,failed,,UNCERTAINTY_UNAVAILABLE
id:bootstrap-135,failed,,UNCERTAINTY_UNAVAILABLE
id:bootstrap-136,failed,,UNCERTAINTY_UNAVAILABLE
id:bootstrap-137,failed,,UNCERTAINTY_UNAVAILABLE
id:bootstrap-138,failed,,UNCERTAINTY_UNAVAILABLE
id:bootstrap-139,failed,,UNCERTAINTY_UNAVAILABLE
id:bootstrap-140,failed,,UNCERTAINTY_UNAVAILABLE
id:bootstrap-141,failed,,UNCERTAINTY_UNAVAILABLE
id:bootstrap-142,failed,,UNCERTAINTY_UNAVAILABLE
id:bootstrap-143,failed,,UNCERTAINTY_UNAVAILABLE
id:bootstrap-144,failed,,UNCERTAINTY_UNAVAILABLE
id:bootstrap-145,failed,,UNCERTAINTY_UNAVAILABLE
id:bootstrap-146,failed,,UNCERTAINTY_UNAVAILABLE
id:bootstrap-147,failed,,UNCERTAINTY_UNAVAILABLE
id:bootstrap-148,failed,,UNCERTAINTY_UNAVAILABLE
id:bootstrap-149,failed,,UNCERTAINTY_UNAVAILABLE
id:bootstrap-150,failed,,UNCERTAINTY_UNAVAILABLE
id:bootstrap-151,failed,,UNCERTAINTY_UNAVAILABLE
id:bootstrap-152,failed,,UNCERTAINTY_UNAVAILABLE
id:bootstrap-153,failed,,UNCERTAINTY_UNAVAILABLE
id:bootstrap-154,failed,,UNCERTAINTY_UNAVAILABLE
id:bootstrap-155,failed,,UNCERTAINTY_UNAVAILABLE
id:bootstrap-156,failed,,UNCERTAINTY_UNAVAILABLE
id:bootstrap-157,failed,,UNCERTAINTY_UNAVAILABLE
id:bootstrap-158,failed,,UNCERTAINTY_UNAVAILABLE
id:bootstrap-159,failed,,UNCERTAINTY_UNAVAILABLE
id:bootstrap-160,failed,,UNCERTAINTY_UNAVAILABLE
id:bootstrap-161,failed,,UNCERTAINTY_UNAVAILABLE
id:bootstrap-162,failed,,UNCERTAINTY_UNAVAILABLE
id:bootstrap-163,failed,,UNCERTAINTY_UNAVAILABLE
id:bootstrap-164,failed,,UNCERTAINTY_UNAVAILABLE
id:bootstrap-165,failed,,UNCERTAINTY_UNAVAILABLE
id:bootstrap-166,failed,,UNCERTAINTY_UNAVAILABLE
id:bootstrap-167,failed,,UNCERTAINTY_UNAVAILABLE
id:bootstrap-168,failed,,UNCERTAINTY_UNAVAILABLE
id:bootstrap-169,failed,,UNCERTAINTY_UNAVAILABLE
id:bootstrap-170,failed,,UNCERTAINTY_UNAVAILABLE
id:bootstrap-171,failed,,UNCERTAINTY_UNAVAILABLE
id:bootstrap-172,failed,,UNCERTAINTY_UNAVAILABLE
id:bootstrap-173,failed,,UNCERTAINTY_UNAVAILABLE
id:bootstrap-174,failed,,UNCERTAINTY_UNAVAILABLE
id:bootstrap-175,failed,,UNCERTAINTY_UNAVAILABLE
id:bootstrap-176,failed,,UNCERTAINTY_UNAVAILABLE
id:bootstrap-177,failed,,UNCERTAINTY_UNAVAILABLE
id:bootstrap-178,failed,,UNCERTAINTY_UNAVAILABLE
id:bootstrap-179,failed,,UNCERTAINTY_UNAVAILABLE
id:bootstrap-180,failed,,UNCERTAINTY_UNAVAILABLE
id:bootstrap-181,failed,,UNCERTAINTY_UNAVAILABLE
id:bootstrap-182,failed,,UNCERTAINTY_UNAVAILABLE
id:bootstrap-183,failed,,UNCERTAINTY_UNAVAILABLE
id:bootstrap-184,failed,,UNCERTAINTY_UNAVAILABLE
id:bootstrap-185,failed,,UNCERTAINTY_UNAVAILABLE
id:bootstrap-186,failed,,UNCERTAINTY_UNAVAILABLE
id:bootstrap-187,failed,,UNCERTAINTY_UNAVAILABLE
id:bootstrap-188,failed,,UNCERTAINTY_UNAVAILABLE
id:bootstrap-189,failed,,UNCERTAINTY_UNAVAILABLE
id:bootstrap-190,failed,,UNCERTAINTY_UNAVAILABLE
id:bootstrap-191,failed,,UNCERTAINTY_UNAVAILABLE
id:bootstrap-192,failed,,UNCERTAINTY_UNAVAILABLE
id:bootstrap-193,failed,,UNCERTAINTY_UNAVAILABLE
id:bootstrap-194,failed,,UNCERTAINTY_UNAVAILABLE
id:bootstrap-195,failed,,UNCERTAINTY_UNAVAILABLE
id:bootstrap-196,failed,,UNCERTAINTY_UNAVAILABLE
id:bootstrap-197,failed,,UNCERTAINTY_UNAVAILABLE
id:bootstrap-198,failed,,UNCERTAINTY_UNAVAILABLE
id:bootstrap-199,failed,,UNCERTAINTY_UNAVAILABLE
id:bootstrap-200,failed,,UNCERTAINTY_UNAVAILABLE
